label,cut_x [mm],cut_y [mm],fw [mm],gx [mm],gy [mm],h1 [mm],px [mm],py [mm],s11_min_db,s11_min_freq_ghz,s11_mean_db,s11_std_db,s11_bandwidth_below_minus10_db_ghz,gain_max,gain_mean,gain_std
联合优化版,2.57017,16.8272,2.97328,157.277,77.3126,1.27523,90.9747,77.229,-29.140813385168737,0.957460259005048,-1.9371128924131804,3.9228283992116673,0.016580560587130068,1.1315798614344894,0.5463746958642184,0.32078168590443223
真正S参数最优版,3.13591,19.069,3.33152,153.586,150.702,1.70934,77.6789,78.4607,-31.257221170160683,0.9096747108726644,-2.0190292621128583,4.001225185221949,0.016277881914844347,1.0781911255624868,0.31991215204779805,0.35797848235557594
增益最优版,3.61766,20.6847,3.01263,154.343,75.4809,1.09338,79.1495,66.0772,-11.733451554896558,1.02508697234919,-1.2658193247202343,1.8871374399496967,0.004598188958600196,1.3659501432465166,0.7119677322396266,0.3951676797338427
