{
  "model_path": "outputs\\new_antenna_model\\new_antenna_mlp.joblib",
  "input_csv": "three_cases_input.csv",
  "count": 3,
  "records": [
    {
      "label": "联合优化版",
      "cut_x [mm]": 2.57017,
      "cut_y [mm]": 16.8272,
      "fw [mm]": 2.97328,
      "gx [mm]": 157.277,
      "gy [mm]": 77.3126,
      "h1 [mm]": 1.27523,
      "px [mm]": 90.9747,
      "py [mm]": 77.229,
      "s11_min_db": -29.140813385168737,
      "s11_min_freq_ghz": 0.957460259005048,
      "s11_mean_db": -1.9371128924131804,
      "s11_std_db": 3.9228283992116673,
      "s11_bandwidth_below_minus10_db_ghz": 0.016580560587130068,
      "gain_max": 1.1315798614344894,
      "gain_mean": 0.5463746958642184,
      "gain_std": 0.32078168590443223
    },
    {
      "label": "真正S参数最优版",
      "cut_x [mm]": 3.13591,
      "cut_y [mm]": 19.069,
      "fw [mm]": 3.33152,
      "gx [mm]": 153.586,
      "gy [mm]": 150.702,
      "h1 [mm]": 1.70934,
      "px [mm]": 77.6789,
      "py [mm]": 78.4607,
      "s11_min_db": -31.257221170160683,
      "s11_min_freq_ghz": 0.9096747108726644,
      "s11_mean_db": -2.0190292621128583,
      "s11_std_db": 4.001225185221949,
      "s11_bandwidth_below_minus10_db_ghz": 0.016277881914844347,
      "gain_max": 1.0781911255624868,
      "gain_mean": 0.31991215204779805,
      "gain_std": 0.35797848235557594
    },
    {
      "label": "增益最优版",
      "cut_x [mm]": 3.61766,
      "cut_y [mm]": 20.6847,
      "fw [mm]": 3.01263,
      "gx [mm]": 154.343,
      "gy [mm]": 75.4809,
      "h1 [mm]": 1.09338,
      "px [mm]": 79.1495,
      "py [mm]": 66.0772,
      "s11_min_db": -11.733451554896558,
      "s11_min_freq_ghz": 1.02508697234919,
      "s11_mean_db": -1.2658193247202343,
      "s11_std_db": 1.8871374399496967,
      "s11_bandwidth_below_minus10_db_ghz": 0.004598188958600196,
      "gain_max": 1.3659501432465166,
      "gain_mean": 0.7119677322396266,
      "gain_std": 0.3951676797338427
    }
  ]
}